sequence_id,species_name,sequence_type,sequence_string
seq_01_01,Pongo abelii,DNA,CTCCGACCGTAAGAGATCCTGGGCACCATTACAAAAAGAATGGAGTTCAACAGAACATTGCCCGCCCAAAGCAAGAG
seq_01_02,Pongo abelii,DNA,CTCCGACCGTAAGAGATCCTGGGCACCATTACAAAAGGAATGGAGATCAACAGAACATTGCCCGCGCAAAGCAAGAG
seq_01_03,Pongo abelii,DNA,CTCCGACCGTAAGAGATCCTGGGCACCATTACAAAAAGAACGGTGTTCAACAGAACATTGCCCGCCCAAAGCAAGAG
seq_01_04,Pongo abelii,DNA,CTCCGACCGTAAGACATCCTGGGCACCATTACAAAAAGAATGTAGTTCAACAGAACATTGCCCGCCGAAAGCAAGAG
seq_02_01,Gorilla gorilla,DNA,GGAACTCCAAGGCTATTTGGTAGGAGAGCCTCTCTCATATTCA
seq_02_02,Gorilla gorilla,DNA,GGAACTCCAAGGCTATTTGGTAGGAGAGCCTCTCTCCTATTCA
seq_02_03,Gorilla gorilla,DNA,GGAACTCCAAGGCTATTTGGTAGGAGAGCCTCTCTTATATTAA
seq_03_01,Pan troglodytes,DNA,GGTCTGAGGACCTATCCCTAACATTATATGGTAGATTGTTAGTACTTGACCAGGCCACACTCTTGGTTTGAAGGCAGGAG
seq_03_02,Pan troglodytes,DNA,GGTCTGAGGACCTATCCCTAACATTATATGGTAGATTGTTAGTCCTTGACCAGGCCACACTCTTGGTTTGAAGGCAGGAC
seq_03_03,Pan troglodytes,DNA,GGTCTGAGGACCTATCCCTAGCATTATATGGTAGATTGTTAGTACCTGACCAGGCCACACTCTTAGTTTGAAGGCAGGAG
